url,type
https://safe-site1.com,legitimate
https://safe-site2.com,legitimate
https://safe-site3.com,legitimate
https://safe-site4.com,legitimate
https://safe-site5.com,legitimate
https://safe-site6.com,legitimate
https://safe-site7.com,legitimate
https://safe-site8.com,legitimate
https://safe-site9.com,legitimate
https://safe-site10.com,legitimate
https://safe-site11.com,legitimate
https://safe-site12.com,legitimate
https://safe-site13.com,legitimate
https://safe-site14.com,legitimate
https://safe-site15.com,legitimate
https://safe-site16.com,legitimate
https://safe-site17.com,legitimate
https://safe-site18.com,legitimate
https://safe-site19.com,legitimate
https://safe-site20.com,legitimate
https://safe-site21.com,legitimate
https://safe-site22.com,legitimate
https://safe-site23.com,legitimate
https://safe-site24.com,legitimate
https://safe-site25.com,legitimate
https://safe-site26.com,legitimate
https://safe-site27.com,legitimate
https://safe-site28.com,legitimate
https://safe-site29.com,legitimate
https://safe-site30.com,legitimate
https://safe-site31.com,legitimate
https://safe-site32.com,legitimate
https://safe-site33.com,legitimate
https://safe-site34.com,legitimate
https://safe-site35.com,legitimate
https://safe-site36.com,legitimate
https://safe-site37.com,legitimate
https://safe-site38.com,legitimate
https://safe-site39.com,legitimate
https://safe-site40.com,legitimate
https://safe-site41.com,legitimate
https://safe-site42.com,legitimate
https://safe-site43.com,legitimate
https://safe-site44.com,legitimate
https://safe-site45.com,legitimate
https://safe-site46.com,legitimate
https://safe-site47.com,legitimate
https://safe-site48.com,legitimate
https://safe-site49.com,legitimate
https://safe-site50.com,legitimate
https://safe-site51.com,legitimate
https://safe-site52.com,legitimate
https://safe-site53.com,legitimate
https://safe-site54.com,legitimate
https://safe-site55.com,legitimate
https://safe-site56.com,legitimate
https://safe-site57.com,legitimate
https://safe-site58.com,legitimate
https://safe-site59.com,legitimate
https://safe-site60.com,legitimate
https://safe-site61.com,legitimate
https://safe-site62.com,legitimate
https://safe-site63.com,legitimate
https://safe-site64.com,legitimate
https://safe-site65.com,legitimate
https://safe-site66.com,legitimate
https://safe-site67.com,legitimate
https://safe-site68.com,legitimate
https://safe-site69.com,legitimate
https://safe-site70.com,legitimate
https://safe-site71.com,legitimate
https://safe-site72.com,legitimate
https://safe-site73.com,legitimate
https://safe-site74.com,legitimate
https://safe-site75.com,legitimate
https://safe-site76.com,legitimate
https://safe-site77.com,legitimate
https://safe-site78.com,legitimate
https://safe-site79.com,legitimate
https://safe-site80.com,legitimate
https://safe-site81.com,legitimate
https://safe-site82.com,legitimate
https://safe-site83.com,legitimate
https://safe-site84.com,legitimate
https://safe-site85.com,legitimate
https://safe-site86.com,legitimate
https://safe-site87.com,legitimate
https://safe-site88.com,legitimate
https://safe-site89.com,legitimate
https://safe-site90.com,legitimate
https://safe-site91.com,legitimate
https://safe-site92.com,legitimate
https://safe-site93.com,legitimate
https://safe-site94.com,legitimate
https://safe-site95.com,legitimate
https://safe-site96.com,legitimate
https://safe-site97.com,legitimate
https://safe-site98.com,legitimate
https://safe-site99.com,legitimate
https://safe-site100.com,legitimate
https://safe-site101.com,legitimate
https://safe-site102.com,legitimate
https://safe-site103.com,legitimate
https://safe-site104.com,legitimate
https://safe-site105.com,legitimate
https://safe-site106.com,legitimate
https://safe-site107.com,legitimate
https://safe-site108.com,legitimate
https://safe-site109.com,legitimate
https://safe-site110.com,legitimate
https://safe-site111.com,legitimate
https://safe-site112.com,legitimate
https://safe-site113.com,legitimate
https://safe-site114.com,legitimate
https://safe-site115.com,legitimate
https://safe-site116.com,legitimate
https://safe-site117.com,legitimate
https://safe-site118.com,legitimate
https://safe-site119.com,legitimate
https://safe-site120.com,legitimate
https://safe-site121.com,legitimate
https://safe-site122.com,legitimate
https://safe-site123.com,legitimate
https://safe-site124.com,legitimate
https://safe-site125.com,legitimate
https://safe-site126.com,legitimate
https://safe-site127.com,legitimate
https://safe-site128.com,legitimate
https://safe-site129.com,legitimate
https://safe-site130.com,legitimate
https://safe-site131.com,legitimate
https://safe-site132.com,legitimate
https://safe-site133.com,legitimate
https://safe-site134.com,legitimate
https://safe-site135.com,legitimate
https://safe-site136.com,legitimate
https://safe-site137.com,legitimate
https://safe-site138.com,legitimate
https://safe-site139.com,legitimate
https://safe-site140.com,legitimate
https://safe-site141.com,legitimate
https://safe-site142.com,legitimate
https://safe-site143.com,legitimate
https://safe-site144.com,legitimate
https://safe-site145.com,legitimate
https://safe-site146.com,legitimate
https://safe-site147.com,legitimate
https://safe-site148.com,legitimate
https://safe-site149.com,legitimate
https://safe-site150.com,legitimate
https://safe-site151.com,legitimate
https://safe-site152.com,legitimate
https://safe-site153.com,legitimate
https://safe-site154.com,legitimate
https://safe-site155.com,legitimate
https://safe-site156.com,legitimate
https://safe-site157.com,legitimate
https://safe-site158.com,legitimate
https://safe-site159.com,legitimate
https://safe-site160.com,legitimate
https://safe-site161.com,legitimate
https://safe-site162.com,legitimate
https://safe-site163.com,legitimate
https://safe-site164.com,legitimate
https://safe-site165.com,legitimate
https://safe-site166.com,legitimate
https://safe-site167.com,legitimate
https://safe-site168.com,legitimate
https://safe-site169.com,legitimate
https://safe-site170.com,legitimate
https://safe-site171.com,legitimate
https://safe-site172.com,legitimate
https://safe-site173.com,legitimate
https://safe-site174.com,legitimate
https://safe-site175.com,legitimate
https://safe-site176.com,legitimate
https://safe-site177.com,legitimate
https://safe-site178.com,legitimate
https://safe-site179.com,legitimate
https://safe-site180.com,legitimate
https://safe-site181.com,legitimate
https://safe-site182.com,legitimate
https://safe-site183.com,legitimate
https://safe-site184.com,legitimate
https://safe-site185.com,legitimate
https://safe-site186.com,legitimate
https://safe-site187.com,legitimate
https://safe-site188.com,legitimate
https://safe-site189.com,legitimate
https://safe-site190.com,legitimate
https://safe-site191.com,legitimate
https://safe-site192.com,legitimate
https://safe-site193.com,legitimate
https://safe-site194.com,legitimate
https://safe-site195.com,legitimate
https://safe-site196.com,legitimate
https://safe-site197.com,legitimate
https://safe-site198.com,legitimate
https://safe-site199.com,legitimate
https://safe-site200.com,legitimate
https://safe-site201.com,legitimate
https://safe-site202.com,legitimate
https://safe-site203.com,legitimate
https://safe-site204.com,legitimate
https://safe-site205.com,legitimate
https://safe-site206.com,legitimate
https://safe-site207.com,legitimate
https://safe-site208.com,legitimate
https://safe-site209.com,legitimate
https://safe-site210.com,legitimate
https://safe-site211.com,legitimate
https://safe-site212.com,legitimate
https://safe-site213.com,legitimate
https://safe-site214.com,legitimate
https://safe-site215.com,legitimate
https://safe-site216.com,legitimate
https://safe-site217.com,legitimate
https://safe-site218.com,legitimate
https://safe-site219.com,legitimate
https://safe-site220.com,legitimate
https://safe-site221.com,legitimate
https://safe-site222.com,legitimate
https://safe-site223.com,legitimate
https://safe-site224.com,legitimate
https://safe-site225.com,legitimate
https://safe-site226.com,legitimate
https://safe-site227.com,legitimate
https://safe-site228.com,legitimate
https://safe-site229.com,legitimate
https://safe-site230.com,legitimate
https://safe-site231.com,legitimate
https://safe-site232.com,legitimate
https://safe-site233.com,legitimate
https://safe-site234.com,legitimate
https://safe-site235.com,legitimate
https://safe-site236.com,legitimate
https://safe-site237.com,legitimate
https://safe-site238.com,legitimate
https://safe-site239.com,legitimate
https://safe-site240.com,legitimate
https://safe-site241.com,legitimate
https://safe-site242.com,legitimate
https://safe-site243.com,legitimate
https://safe-site244.com,legitimate
https://safe-site245.com,legitimate
https://safe-site246.com,legitimate
https://safe-site247.com,legitimate
https://safe-site248.com,legitimate
https://safe-site249.com,legitimate
https://safe-site250.com,legitimate
https://safe-site251.com,legitimate
https://safe-site252.com,legitimate
https://safe-site253.com,legitimate
https://safe-site254.com,legitimate
https://safe-site255.com,legitimate
https://safe-site256.com,legitimate
https://safe-site257.com,legitimate
https://safe-site258.com,legitimate
https://safe-site259.com,legitimate
https://safe-site260.com,legitimate
https://safe-site261.com,legitimate
https://safe-site262.com,legitimate
https://safe-site263.com,legitimate
https://safe-site264.com,legitimate
https://safe-site265.com,legitimate
https://safe-site266.com,legitimate
https://safe-site267.com,legitimate
https://safe-site268.com,legitimate
https://safe-site269.com,legitimate
https://safe-site270.com,legitimate
https://safe-site271.com,legitimate
https://safe-site272.com,legitimate
https://safe-site273.com,legitimate
https://safe-site274.com,legitimate
https://safe-site275.com,legitimate
https://safe-site276.com,legitimate
https://safe-site277.com,legitimate
https://safe-site278.com,legitimate
https://safe-site279.com,legitimate
https://safe-site280.com,legitimate
https://safe-site281.com,legitimate
https://safe-site282.com,legitimate
https://safe-site283.com,legitimate
https://safe-site284.com,legitimate
https://safe-site285.com,legitimate
https://safe-site286.com,legitimate
https://safe-site287.com,legitimate
https://safe-site288.com,legitimate
https://safe-site289.com,legitimate
https://safe-site290.com,legitimate
https://safe-site291.com,legitimate
https://safe-site292.com,legitimate
https://safe-site293.com,legitimate
https://safe-site294.com,legitimate
https://safe-site295.com,legitimate
https://safe-site296.com,legitimate
https://safe-site297.com,legitimate
https://safe-site298.com,legitimate
https://safe-site299.com,legitimate
https://safe-site300.com,legitimate
https://safe-site301.com,legitimate
https://safe-site302.com,legitimate
https://safe-site303.com,legitimate
https://safe-site304.com,legitimate
https://safe-site305.com,legitimate
https://safe-site306.com,legitimate
https://safe-site307.com,legitimate
https://safe-site308.com,legitimate
https://safe-site309.com,legitimate
https://safe-site310.com,legitimate
https://safe-site311.com,legitimate
https://safe-site312.com,legitimate
https://safe-site313.com,legitimate
https://safe-site314.com,legitimate
https://safe-site315.com,legitimate
https://safe-site316.com,legitimate
https://safe-site317.com,legitimate
https://safe-site318.com,legitimate
https://safe-site319.com,legitimate
https://safe-site320.com,legitimate
https://safe-site321.com,legitimate
https://safe-site322.com,legitimate
https://safe-site323.com,legitimate
https://safe-site324.com,legitimate
https://safe-site325.com,legitimate
https://safe-site326.com,legitimate
https://safe-site327.com,legitimate
https://safe-site328.com,legitimate
https://safe-site329.com,legitimate
https://safe-site330.com,legitimate
https://safe-site331.com,legitimate
https://safe-site332.com,legitimate
https://safe-site333.com,legitimate
https://safe-site334.com,legitimate
https://safe-site335.com,legitimate
https://safe-site336.com,legitimate
https://safe-site337.com,legitimate
https://safe-site338.com,legitimate
https://safe-site339.com,legitimate
https://safe-site340.com,legitimate
https://safe-site341.com,legitimate
https://safe-site342.com,legitimate
https://safe-site343.com,legitimate
https://safe-site344.com,legitimate
https://safe-site345.com,legitimate
https://safe-site346.com,legitimate
https://safe-site347.com,legitimate
https://safe-site348.com,legitimate
https://safe-site349.com,legitimate
https://safe-site350.com,legitimate
https://safe-site351.com,legitimate
https://safe-site352.com,legitimate
https://safe-site353.com,legitimate
https://safe-site354.com,legitimate
https://safe-site355.com,legitimate
https://safe-site356.com,legitimate
https://safe-site357.com,legitimate
https://safe-site358.com,legitimate
https://safe-site359.com,legitimate
https://safe-site360.com,legitimate
https://safe-site361.com,legitimate
https://safe-site362.com,legitimate
https://safe-site363.com,legitimate
https://safe-site364.com,legitimate
https://safe-site365.com,legitimate
https://safe-site366.com,legitimate
https://safe-site367.com,legitimate
https://safe-site368.com,legitimate
https://safe-site369.com,legitimate
https://safe-site370.com,legitimate
https://safe-site371.com,legitimate
https://safe-site372.com,legitimate
https://safe-site373.com,legitimate
https://safe-site374.com,legitimate
https://safe-site375.com,legitimate
https://safe-site376.com,legitimate
https://safe-site377.com,legitimate
https://safe-site378.com,legitimate
https://safe-site379.com,legitimate
https://safe-site380.com,legitimate
https://safe-site381.com,legitimate
https://safe-site382.com,legitimate
https://safe-site383.com,legitimate
https://safe-site384.com,legitimate
https://safe-site385.com,legitimate
https://safe-site386.com,legitimate
https://safe-site387.com,legitimate
https://safe-site388.com,legitimate
https://safe-site389.com,legitimate
https://safe-site390.com,legitimate
https://safe-site391.com,legitimate
https://safe-site392.com,legitimate
https://safe-site393.com,legitimate
https://safe-site394.com,legitimate
https://safe-site395.com,legitimate
https://safe-site396.com,legitimate
https://safe-site397.com,legitimate
https://safe-site398.com,legitimate
https://safe-site399.com,legitimate
https://safe-site400.com,legitimate
https://safe-site401.com,legitimate
https://safe-site402.com,legitimate
https://safe-site403.com,legitimate
https://safe-site404.com,legitimate
https://safe-site405.com,legitimate
https://safe-site406.com,legitimate
https://safe-site407.com,legitimate
https://safe-site408.com,legitimate
https://safe-site409.com,legitimate
https://safe-site410.com,legitimate
https://safe-site411.com,legitimate
https://safe-site412.com,legitimate
https://safe-site413.com,legitimate
https://safe-site414.com,legitimate
https://safe-site415.com,legitimate
https://safe-site416.com,legitimate
https://safe-site417.com,legitimate
https://safe-site418.com,legitimate
https://safe-site419.com,legitimate
https://safe-site420.com,legitimate
https://safe-site421.com,legitimate
https://safe-site422.com,legitimate
https://safe-site423.com,legitimate
https://safe-site424.com,legitimate
https://safe-site425.com,legitimate
https://safe-site426.com,legitimate
https://safe-site427.com,legitimate
https://safe-site428.com,legitimate
https://safe-site429.com,legitimate
https://safe-site430.com,legitimate
https://safe-site431.com,legitimate
https://safe-site432.com,legitimate
https://safe-site433.com,legitimate
https://safe-site434.com,legitimate
https://safe-site435.com,legitimate
https://safe-site436.com,legitimate
https://safe-site437.com,legitimate
https://safe-site438.com,legitimate
https://safe-site439.com,legitimate
https://safe-site440.com,legitimate
https://safe-site441.com,legitimate
https://safe-site442.com,legitimate
https://safe-site443.com,legitimate
https://safe-site444.com,legitimate
https://safe-site445.com,legitimate
https://safe-site446.com,legitimate
https://safe-site447.com,legitimate
https://safe-site448.com,legitimate
https://safe-site449.com,legitimate
https://safe-site450.com,legitimate
https://safe-site451.com,legitimate
https://safe-site452.com,legitimate
https://safe-site453.com,legitimate
https://safe-site454.com,legitimate
https://safe-site455.com,legitimate
https://safe-site456.com,legitimate
https://safe-site457.com,legitimate
https://safe-site458.com,legitimate
https://safe-site459.com,legitimate
https://safe-site460.com,legitimate
https://safe-site461.com,legitimate
https://safe-site462.com,legitimate
https://safe-site463.com,legitimate
https://safe-site464.com,legitimate
https://safe-site465.com,legitimate
https://safe-site466.com,legitimate
https://safe-site467.com,legitimate
https://safe-site468.com,legitimate
https://safe-site469.com,legitimate
https://safe-site470.com,legitimate
https://safe-site471.com,legitimate
https://safe-site472.com,legitimate
https://safe-site473.com,legitimate
https://safe-site474.com,legitimate
https://safe-site475.com,legitimate
https://safe-site476.com,legitimate
https://safe-site477.com,legitimate
https://safe-site478.com,legitimate
https://safe-site479.com,legitimate
https://safe-site480.com,legitimate
https://safe-site481.com,legitimate
https://safe-site482.com,legitimate
https://safe-site483.com,legitimate
https://safe-site484.com,legitimate
https://safe-site485.com,legitimate
https://safe-site486.com,legitimate
https://safe-site487.com,legitimate
https://safe-site488.com,legitimate
https://safe-site489.com,legitimate
https://safe-site490.com,legitimate
https://safe-site491.com,legitimate
https://safe-site492.com,legitimate
https://safe-site493.com,legitimate
https://safe-site494.com,legitimate
https://safe-site495.com,legitimate
https://safe-site496.com,legitimate
https://safe-site497.com,legitimate
https://safe-site498.com,legitimate
https://safe-site499.com,legitimate
https://safe-site500.com,legitimate
https://safe-site501.com,legitimate
https://safe-site502.com,legitimate
https://safe-site503.com,legitimate
https://safe-site504.com,legitimate
https://safe-site505.com,legitimate
https://safe-site506.com,legitimate
https://safe-site507.com,legitimate
https://safe-site508.com,legitimate
https://safe-site509.com,legitimate
https://safe-site510.com,legitimate
https://safe-site511.com,legitimate
https://safe-site512.com,legitimate
https://safe-site513.com,legitimate
https://safe-site514.com,legitimate
https://safe-site515.com,legitimate
https://safe-site516.com,legitimate
https://safe-site517.com,legitimate
https://safe-site518.com,legitimate
https://safe-site519.com,legitimate
https://safe-site520.com,legitimate
https://safe-site521.com,legitimate
https://safe-site522.com,legitimate
https://safe-site523.com,legitimate
https://safe-site524.com,legitimate
https://safe-site525.com,legitimate
https://safe-site526.com,legitimate
https://safe-site527.com,legitimate
https://safe-site528.com,legitimate
https://safe-site529.com,legitimate
https://safe-site530.com,legitimate
https://safe-site531.com,legitimate
https://safe-site532.com,legitimate
https://safe-site533.com,legitimate
https://safe-site534.com,legitimate
https://safe-site535.com,legitimate
https://safe-site536.com,legitimate
https://safe-site537.com,legitimate
https://safe-site538.com,legitimate
https://safe-site539.com,legitimate
https://safe-site540.com,legitimate
https://safe-site541.com,legitimate
https://safe-site542.com,legitimate
https://safe-site543.com,legitimate
https://safe-site544.com,legitimate
https://safe-site545.com,legitimate
https://safe-site546.com,legitimate
https://safe-site547.com,legitimate
https://safe-site548.com,legitimate
https://safe-site549.com,legitimate
https://safe-site550.com,legitimate
https://safe-site551.com,legitimate
https://safe-site552.com,legitimate
https://safe-site553.com,legitimate
https://safe-site554.com,legitimate
https://safe-site555.com,legitimate
https://safe-site556.com,legitimate
https://safe-site557.com,legitimate
https://safe-site558.com,legitimate
https://safe-site559.com,legitimate
https://safe-site560.com,legitimate
https://safe-site561.com,legitimate
https://safe-site562.com,legitimate
https://safe-site563.com,legitimate
https://safe-site564.com,legitimate
https://safe-site565.com,legitimate
https://safe-site566.com,legitimate
https://safe-site567.com,legitimate
https://safe-site568.com,legitimate
https://safe-site569.com,legitimate
https://safe-site570.com,legitimate
https://safe-site571.com,legitimate
https://safe-site572.com,legitimate
https://safe-site573.com,legitimate
https://safe-site574.com,legitimate
https://safe-site575.com,legitimate
https://safe-site576.com,legitimate
https://safe-site577.com,legitimate
https://safe-site578.com,legitimate
https://safe-site579.com,legitimate
https://safe-site580.com,legitimate
https://safe-site581.com,legitimate
https://safe-site582.com,legitimate
https://safe-site583.com,legitimate
https://safe-site584.com,legitimate
https://safe-site585.com,legitimate
https://safe-site586.com,legitimate
https://safe-site587.com,legitimate
https://safe-site588.com,legitimate
https://safe-site589.com,legitimate
https://safe-site590.com,legitimate
https://safe-site591.com,legitimate
https://safe-site592.com,legitimate
https://safe-site593.com,legitimate
https://safe-site594.com,legitimate
https://safe-site595.com,legitimate
https://safe-site596.com,legitimate
https://safe-site597.com,legitimate
https://safe-site598.com,legitimate
https://safe-site599.com,legitimate
https://safe-site600.com,legitimate
https://safe-site601.com,legitimate
https://safe-site602.com,legitimate
https://safe-site603.com,legitimate
https://safe-site604.com,legitimate
https://safe-site605.com,legitimate
https://safe-site606.com,legitimate
https://safe-site607.com,legitimate
https://safe-site608.com,legitimate
https://safe-site609.com,legitimate
https://safe-site610.com,legitimate
https://safe-site611.com,legitimate
https://safe-site612.com,legitimate
https://safe-site613.com,legitimate
https://safe-site614.com,legitimate
https://safe-site615.com,legitimate
https://safe-site616.com,legitimate
https://safe-site617.com,legitimate
https://safe-site618.com,legitimate
https://safe-site619.com,legitimate
https://safe-site620.com,legitimate
https://safe-site621.com,legitimate
https://safe-site622.com,legitimate
https://safe-site623.com,legitimate
https://safe-site624.com,legitimate
https://safe-site625.com,legitimate
https://safe-site626.com,legitimate
https://safe-site627.com,legitimate
https://safe-site628.com,legitimate
https://safe-site629.com,legitimate
https://safe-site630.com,legitimate
https://safe-site631.com,legitimate
https://safe-site632.com,legitimate
https://safe-site633.com,legitimate
https://safe-site634.com,legitimate
https://safe-site635.com,legitimate
https://safe-site636.com,legitimate
https://safe-site637.com,legitimate
https://safe-site638.com,legitimate
https://safe-site639.com,legitimate
https://safe-site640.com,legitimate
https://safe-site641.com,legitimate
https://safe-site642.com,legitimate
https://safe-site643.com,legitimate
https://safe-site644.com,legitimate
https://safe-site645.com,legitimate
https://safe-site646.com,legitimate
https://safe-site647.com,legitimate
https://safe-site648.com,legitimate
https://safe-site649.com,legitimate
https://safe-site650.com,legitimate
https://safe-site651.com,legitimate
https://safe-site652.com,legitimate
https://safe-site653.com,legitimate
https://safe-site654.com,legitimate
https://safe-site655.com,legitimate
https://safe-site656.com,legitimate
https://safe-site657.com,legitimate
https://safe-site658.com,legitimate
https://safe-site659.com,legitimate
https://safe-site660.com,legitimate
https://safe-site661.com,legitimate
https://safe-site662.com,legitimate
https://safe-site663.com,legitimate
https://safe-site664.com,legitimate
https://safe-site665.com,legitimate
https://safe-site666.com,legitimate
https://safe-site667.com,legitimate
https://safe-site668.com,legitimate
https://safe-site669.com,legitimate
https://safe-site670.com,legitimate
https://safe-site671.com,legitimate
https://safe-site672.com,legitimate
https://safe-site673.com,legitimate
https://safe-site674.com,legitimate
https://safe-site675.com,legitimate
https://safe-site676.com,legitimate
https://safe-site677.com,legitimate
https://safe-site678.com,legitimate
https://safe-site679.com,legitimate
https://safe-site680.com,legitimate
https://safe-site681.com,legitimate
https://safe-site682.com,legitimate
https://safe-site683.com,legitimate
https://safe-site684.com,legitimate
https://safe-site685.com,legitimate
https://safe-site686.com,legitimate
https://safe-site687.com,legitimate
https://safe-site688.com,legitimate
https://safe-site689.com,legitimate
https://safe-site690.com,legitimate
https://safe-site691.com,legitimate
https://safe-site692.com,legitimate
https://safe-site693.com,legitimate
https://safe-site694.com,legitimate
https://safe-site695.com,legitimate
https://safe-site696.com,legitimate
https://safe-site697.com,legitimate
https://safe-site698.com,legitimate
https://safe-site699.com,legitimate
https://safe-site700.com,legitimate
https://safe-site701.com,legitimate
https://safe-site702.com,legitimate
https://safe-site703.com,legitimate
https://safe-site704.com,legitimate
https://safe-site705.com,legitimate
https://safe-site706.com,legitimate
https://safe-site707.com,legitimate
https://safe-site708.com,legitimate
https://safe-site709.com,legitimate
https://safe-site710.com,legitimate
https://safe-site711.com,legitimate
https://safe-site712.com,legitimate
https://safe-site713.com,legitimate
https://safe-site714.com,legitimate
https://safe-site715.com,legitimate
https://safe-site716.com,legitimate
https://safe-site717.com,legitimate
https://safe-site718.com,legitimate
https://safe-site719.com,legitimate
https://safe-site720.com,legitimate
https://safe-site721.com,legitimate
https://safe-site722.com,legitimate
https://safe-site723.com,legitimate
https://safe-site724.com,legitimate
https://safe-site725.com,legitimate
https://safe-site726.com,legitimate
https://safe-site727.com,legitimate
https://safe-site728.com,legitimate
https://safe-site729.com,legitimate
https://safe-site730.com,legitimate
https://safe-site731.com,legitimate
https://safe-site732.com,legitimate
https://safe-site733.com,legitimate
https://safe-site734.com,legitimate
https://safe-site735.com,legitimate
https://safe-site736.com,legitimate
https://safe-site737.com,legitimate
https://safe-site738.com,legitimate
https://safe-site739.com,legitimate
https://safe-site740.com,legitimate
https://safe-site741.com,legitimate
https://safe-site742.com,legitimate
https://safe-site743.com,legitimate
https://safe-site744.com,legitimate
https://safe-site745.com,legitimate
https://safe-site746.com,legitimate
https://safe-site747.com,legitimate
https://safe-site748.com,legitimate
https://safe-site749.com,legitimate
https://safe-site750.com,legitimate
https://safe-site751.com,legitimate
https://safe-site752.com,legitimate
https://safe-site753.com,legitimate
https://safe-site754.com,legitimate
https://safe-site755.com,legitimate
https://safe-site756.com,legitimate
https://safe-site757.com,legitimate
https://safe-site758.com,legitimate
https://safe-site759.com,legitimate
https://safe-site760.com,legitimate
https://safe-site761.com,legitimate
https://safe-site762.com,legitimate
https://safe-site763.com,legitimate
https://safe-site764.com,legitimate
https://safe-site765.com,legitimate
https://safe-site766.com,legitimate
https://safe-site767.com,legitimate
https://safe-site768.com,legitimate
https://safe-site769.com,legitimate
https://safe-site770.com,legitimate
https://safe-site771.com,legitimate
https://safe-site772.com,legitimate
https://safe-site773.com,legitimate
https://safe-site774.com,legitimate
https://safe-site775.com,legitimate
https://safe-site776.com,legitimate
https://safe-site777.com,legitimate
https://safe-site778.com,legitimate
https://safe-site779.com,legitimate
https://safe-site780.com,legitimate
https://safe-site781.com,legitimate
https://safe-site782.com,legitimate
https://safe-site783.com,legitimate
https://safe-site784.com,legitimate
https://safe-site785.com,legitimate
https://safe-site786.com,legitimate
https://safe-site787.com,legitimate
https://safe-site788.com,legitimate
https://safe-site789.com,legitimate
https://safe-site790.com,legitimate
https://safe-site791.com,legitimate
https://safe-site792.com,legitimate
https://safe-site793.com,legitimate
https://safe-site794.com,legitimate
https://safe-site795.com,legitimate
https://safe-site796.com,legitimate
https://safe-site797.com,legitimate
https://safe-site798.com,legitimate
https://safe-site799.com,legitimate
https://safe-site800.com,legitimate
https://safe-site801.com,legitimate
https://safe-site802.com,legitimate
https://safe-site803.com,legitimate
https://safe-site804.com,legitimate
https://safe-site805.com,legitimate
https://safe-site806.com,legitimate
https://safe-site807.com,legitimate
https://safe-site808.com,legitimate
https://safe-site809.com,legitimate
https://safe-site810.com,legitimate
https://safe-site811.com,legitimate
https://safe-site812.com,legitimate
https://safe-site813.com,legitimate
https://safe-site814.com,legitimate
https://safe-site815.com,legitimate
https://safe-site816.com,legitimate
https://safe-site817.com,legitimate
https://safe-site818.com,legitimate
https://safe-site819.com,legitimate
https://safe-site820.com,legitimate
https://safe-site821.com,legitimate
https://safe-site822.com,legitimate
https://safe-site823.com,legitimate
https://safe-site824.com,legitimate
https://safe-site825.com,legitimate
https://safe-site826.com,legitimate
https://safe-site827.com,legitimate
https://safe-site828.com,legitimate
https://safe-site829.com,legitimate
https://safe-site830.com,legitimate
https://safe-site831.com,legitimate
https://safe-site832.com,legitimate
https://safe-site833.com,legitimate
https://safe-site834.com,legitimate
https://safe-site835.com,legitimate
https://safe-site836.com,legitimate
https://safe-site837.com,legitimate
https://safe-site838.com,legitimate
https://safe-site839.com,legitimate
https://safe-site840.com,legitimate
https://safe-site841.com,legitimate
https://safe-site842.com,legitimate
https://safe-site843.com,legitimate
https://safe-site844.com,legitimate
https://safe-site845.com,legitimate
https://safe-site846.com,legitimate
https://safe-site847.com,legitimate
https://safe-site848.com,legitimate
https://safe-site849.com,legitimate
https://safe-site850.com,legitimate
https://safe-site851.com,legitimate
https://safe-site852.com,legitimate
https://safe-site853.com,legitimate
https://safe-site854.com,legitimate
https://safe-site855.com,legitimate
https://safe-site856.com,legitimate
https://safe-site857.com,legitimate
https://safe-site858.com,legitimate
https://safe-site859.com,legitimate
https://safe-site860.com,legitimate
https://safe-site861.com,legitimate
https://safe-site862.com,legitimate
https://safe-site863.com,legitimate
https://safe-site864.com,legitimate
https://safe-site865.com,legitimate
https://safe-site866.com,legitimate
https://safe-site867.com,legitimate
https://safe-site868.com,legitimate
https://safe-site869.com,legitimate
https://safe-site870.com,legitimate
https://safe-site871.com,legitimate
https://safe-site872.com,legitimate
https://safe-site873.com,legitimate
https://safe-site874.com,legitimate
https://safe-site875.com,legitimate
https://safe-site876.com,legitimate
https://safe-site877.com,legitimate
https://safe-site878.com,legitimate
https://safe-site879.com,legitimate
https://safe-site880.com,legitimate
https://safe-site881.com,legitimate
https://safe-site882.com,legitimate
https://safe-site883.com,legitimate
https://safe-site884.com,legitimate
https://safe-site885.com,legitimate
https://safe-site886.com,legitimate
https://safe-site887.com,legitimate
https://safe-site888.com,legitimate
https://safe-site889.com,legitimate
https://safe-site890.com,legitimate
https://safe-site891.com,legitimate
https://safe-site892.com,legitimate
https://safe-site893.com,legitimate
https://safe-site894.com,legitimate
https://safe-site895.com,legitimate
https://safe-site896.com,legitimate
https://safe-site897.com,legitimate
https://safe-site898.com,legitimate
https://safe-site899.com,legitimate
https://safe-site900.com,legitimate
https://safe-site901.com,legitimate
https://safe-site902.com,legitimate
https://safe-site903.com,legitimate
https://safe-site904.com,legitimate
https://safe-site905.com,legitimate
https://safe-site906.com,legitimate
https://safe-site907.com,legitimate
https://safe-site908.com,legitimate
https://safe-site909.com,legitimate
https://safe-site910.com,legitimate
https://safe-site911.com,legitimate
https://safe-site912.com,legitimate
https://safe-site913.com,legitimate
https://safe-site914.com,legitimate
https://safe-site915.com,legitimate
https://safe-site916.com,legitimate
https://safe-site917.com,legitimate
https://safe-site918.com,legitimate
https://safe-site919.com,legitimate
https://safe-site920.com,legitimate
https://safe-site921.com,legitimate
https://safe-site922.com,legitimate
https://safe-site923.com,legitimate
https://safe-site924.com,legitimate
https://safe-site925.com,legitimate
https://safe-site926.com,legitimate
https://safe-site927.com,legitimate
https://safe-site928.com,legitimate
https://safe-site929.com,legitimate
https://safe-site930.com,legitimate
https://safe-site931.com,legitimate
https://safe-site932.com,legitimate
https://safe-site933.com,legitimate
https://safe-site934.com,legitimate
https://safe-site935.com,legitimate
https://safe-site936.com,legitimate
https://safe-site937.com,legitimate
https://safe-site938.com,legitimate
https://safe-site939.com,legitimate
https://safe-site940.com,legitimate
https://safe-site941.com,legitimate
https://safe-site942.com,legitimate
https://safe-site943.com,legitimate
https://safe-site944.com,legitimate
https://safe-site945.com,legitimate
https://safe-site946.com,legitimate
https://safe-site947.com,legitimate
https://safe-site948.com,legitimate
https://safe-site949.com,legitimate
https://safe-site950.com,legitimate
https://safe-site951.com,legitimate
https://safe-site952.com,legitimate
https://safe-site953.com,legitimate
https://safe-site954.com,legitimate
https://safe-site955.com,legitimate
https://safe-site956.com,legitimate
https://safe-site957.com,legitimate
https://safe-site958.com,legitimate
https://safe-site959.com,legitimate
https://safe-site960.com,legitimate
https://safe-site961.com,legitimate
https://safe-site962.com,legitimate
https://safe-site963.com,legitimate
https://safe-site964.com,legitimate
https://safe-site965.com,legitimate
https://safe-site966.com,legitimate
https://safe-site967.com,legitimate
https://safe-site968.com,legitimate
https://safe-site969.com,legitimate
https://safe-site970.com,legitimate
https://safe-site971.com,legitimate
https://safe-site972.com,legitimate
https://safe-site973.com,legitimate
https://safe-site974.com,legitimate
https://safe-site975.com,legitimate
https://safe-site976.com,legitimate
https://safe-site977.com,legitimate
https://safe-site978.com,legitimate
https://safe-site979.com,legitimate
https://safe-site980.com,legitimate
https://safe-site981.com,legitimate
https://safe-site982.com,legitimate
https://safe-site983.com,legitimate
https://safe-site984.com,legitimate
https://safe-site985.com,legitimate
https://safe-site986.com,legitimate
https://safe-site987.com,legitimate
https://safe-site988.com,legitimate
https://safe-site989.com,legitimate
https://safe-site990.com,legitimate
https://safe-site991.com,legitimate
https://safe-site992.com,legitimate
https://safe-site993.com,legitimate
https://safe-site994.com,legitimate
https://safe-site995.com,legitimate
https://safe-site996.com,legitimate
https://safe-site997.com,legitimate
https://safe-site998.com,legitimate
https://safe-site999.com,legitimate
https://safe-site1000.com,legitimate
